{
  "to_tag": {
    "1": 11,
    "2": 12,
    "3": 13,
    "4": 14,
    "5": 15,
    "6": 16,
    "7": 17,
    "8": 18,
    "9": 21,
    "10": 22,
    "11": 23,
    "12": 24,
    "13": 25,
    "14": 26,
    "15": 27,
    "16": 28,
    "17": 31,
    "18": 32,
    "19": 33,
    "20": 34,
    "21": 35,
    "22": 36,
    "23": 37,
    "24": 38,
    "25": 41,
    "26": 42,
    "27": 43,
    "28": 44,
    "29": 45,
    "30": 46,
    "31": 47,
    "32": 48,
    "33": 51,
    "34": 52,
    "35": 53,
    "36": 54,
    "37": 55,
    "38": 61,
    "39": 62,
    "40": 63,
    "41": 64,
    "42": 65,
    "43": 71,
    "44": 72,
    "45": 73,
    "46": 74,
    "47": 75,
    "48": 81,
    "49": 82,
    "50": 83,
    "51": 84,
    "52": 85
  },
  "to_cls": {
    "11": 1,
    "12": 2,
    "13": 3,
    "14": 4,
    "15": 5,
    "16": 6,
    "17": 7,
    "18": 8,
    "21": 9,
    "22": 10,
    "23": 11,
    "24": 12,
    "25": 13,
    "26": 14,
    "27": 15,
    "28": 16,
    "31": 17,
    "32": 18,
    "33": 19,
    "34": 20,
    "35": 21,
    "36": 22,
    "37": 23,
    "38": 24,
    "41": 25,
    "42": 26,
    "43": 27,
    "44": 28,
    "45": 29,
    "46": 30,
    "47": 31,
    "48": 32,
    "51": 33,
    "52": 34,
    "53": 35,
    "54": 36,
    "55": 37,
    "61": 38,
    "62": 39,
    "63": 40,
    "64": 41,
    "65": 42,
    "71": 43,
    "72": 44,
    "73": 45,
    "74": 46,
    "75": 47,
    "81": 48,
    "82": 49,
    "83": 50,
    "84": 51,
    "85": 52
  }
}